ID|First Name|Last Name|Email
100|Helena|Audly|Helena.Audly@yopmail.com
101|Gabi|Ludewig|Gabi.Ludewig@yopmail.com
102|Hollie|Schwejda|Hollie.Schwejda@yopmail.com
103|Wanda|Ellord|Wanda.Ellord@yopmail.com
104|Jessamyn|Flyn|Jessamyn.Flyn@yopmail.com
105|Minne|Bennie|Minne.Bennie@yopmail.com
106|Maridel|Stover|Maridel.Stover@yopmail.com
107|Konstance|Carlson|Konstance.Carlson@yopmail.com
108|Dianemarie|Raychel|Dianemarie.Raychel@yopmail.com
109|Christian|Ivens|Christian.Ivens@yopmail.com
110|Gretal|Nahum|Gretal.Nahum@yopmail.com
111|Clo|Ogren|Clo.Ogren@yopmail.com
112|Glenda|Caitlin|Glenda.Caitlin@yopmail.com
113|Liana|Loleta|Liana.Loleta@yopmail.com
114|Jennica|Minetta|Jennica.Minetta@yopmail.com
115|Jennica|Therine|Jennica.Therine@yopmail.com
116|Molli|Korey|Molli.Korey@yopmail.com
117|Jinny|Hashim|Jinny.Hashim@yopmail.com
118|Carly|Douglass|Carly.Douglass@yopmail.com
119|Vevay|Kelula|Vevay.Kelula@yopmail.com